Marcus Trescothick	/m/03kj8g	/m/0jzz9gf
Rania Elwani	/m/0h1h5b5	/m/0jzz8jx
Qiangdong Liu	/m/0jzzmrf	/m/0jzzn4h
Trevor Ringland	/m/02pn3hr	/m/0jzz4cl
Bambang Pamungkas	/m/0ddss2	/m/0jzz58g
Imran Sherwani	/m/08ps_5	/m/0jzz3vr
Angela Ruggiero	/m/0524v1	/m/0jzz7g6
Pernilla Ohrstedt	/m/0jzzp2c	/m/0jzzp5v
Mariusz Czerkawski	/m/0421_2	/m/0jzz6n6
Pedro Yang	/m/03nspq	/m/0jzz8ry
Matt Smith	/m/04qbht5	/m/0jvxhyf
Artur Partyka	/m/0c039f	/m/0jvjbk6
John Farnworth	/m/03d0_4m	/m/0jzz4nf
Fiona May	/m/07wmvk	/m/0jzzfqd
Andrea Snow	/m/0jvtyyf	/m/0jzz65m
Kirsty Wade	/m/02z2m10	/m/0jzzdd6
Will.i.am	/m/01w9wwg	/m/0jvtxwy
Lee-Hom Wang	/m/04f4hc	/m/0jvjbn1,/m/0jvjq6j
Adam Pengilly	/m/08y1qj	/m/0jzz718
Andrew Murray	/m/0jzzjpx	/m/0jzzkp5
Jamal Edwards	/m/0jvv32n	/m/0jvv35q
